Запрос,Точная частотность,Источник
айфон купить в белгороде,12,рекомендованные
белгород айфон купить,9,рекомендованные
айфон белгород купить,6,рекомендованные
купить айфон старый оскол,6,рекомендованные
айфон 13 про купить белгород,3,рекомендованные
купить айфон губкин,2,рекомендованные
купить айфон 15 про в белгороде,2,рекомендованные
айфон белгород,2,рекомендованные
айфоны здесь старый оскол,2,рекомендованные
айфоны старый оскол,2,рекомендованные
купить айфон в старом осколе,1,рекомендованные
айфон 14 купить белгород,1,рекомендованные
купить айфон 14 про макс белгород,1,рекомендованные
айфон 13 про купить в белгороде,1,рекомендованные
айфон 14 купить в белгороде,1,рекомендованные
айфон 14 про купить белгород,1,рекомендованные
айфон 14 про купить в белгороде,1,рекомендованные
купить айфон 15 про макс в белгороде,1,рекомендованные
купить айфон 15 про белгород,1,рекомендованные
купить айфон 16 в белгороде,1,рекомендованные
купить айфон 16 про белгород,1,рекомендованные
apple белгород,1,рекомендованные
эпл стор белгород,1,рекомендованные
купить айфон белгород,,вордстат
купить айфон 17 в белгороде,,вордстат
айфон 17 про купить в белгороде,,вордстат
айфон 15 купить в белгороде,,вордстат
айфон 16 купить в белгороде,,вордстат
где купить айфон в белгороде,,вордстат
купить айфон 17 про макс в белгороде,,вордстат
айфон 15 про купить в белгороде,,вордстат
купить айфон в рассрочку в белгороде,,вордстат
купить айфон 16 про макс белгород,,вордстат
купить айфон 16 про в белгороде,,вордстат
айфон 12 купить белгород,,вордстат
где можно купить айфон в белгороде,,вордстат
айфон 13 купить в белгороде,,вордстат
купить айфон в белгороде магазины,,вордстат
купить айфон в белгороде недорого,,вордстат
айфоны в белгороде цена купить,,вордстат
купить айфон дешево белгород,,вордстат
купить айфон бу в белгороде,,вордстат
айфон 15 макс купить в белгороде,,вордстат
купить айфон 11 в белгороде,,вордстат
купить айфон в белгороде где дешевле,,вордстат
купить айфон 17 512 белгород,,вордстат
купить айфон 17 про 512 белгород,,вордстат
купить новый айфон белгород,,вордстат
купить телефон айфон белгород,,вордстат
айфон 15 купить в белгороде в рассрочку,,вордстат
купить айфон 17 в белгороде цены,,вордстат
купить оригинальный айфон в белгороде,,вордстат
купить айфон 15 256 в белгороде,,вордстат
купить айфон в белгороде карта,,вордстат
айфон 13 мини купить белгород,,вордстат
айфон 14 про макс купить в белгороде,,вордстат
дисплей айфон xr купить белгород,,вордстат
купить айфон 17 белгороде новый,,вордстат
купить айфон 15 про 256 белгород,,вордстат
белгород купить айфон 13 про макс,,вордстат
